url,category_code
https://twitter.com,GRP
https://www.lds.org/,HUMR
https://www.fidh.org/,HUMR
https://proxify.com/,ANON
http://www.partypoker.com,GMB
http://multiproxy.org/,ANON
https://citizenlab.org/,HUMR
http://www.jesussaves.cc,REL
http://www.doctissimo.fr/,PUBH
http://www.absolut.com,ALDR
http://www.voanews.com,NEWS
https://www.planetromeo.com/,LGBT
http://www.khrp.org,HUMR
http://www.feminist.com,HUMR
http://www.towleroad.com,LGBT
http://casino.com,GMB
http://www.rotten.com,HATE
http://www.tmz.com,CULTR
http://proxytools.sourceforge.net/,ANON
https://www.partypoker.net/,GMB
http://godhatesfags.com,HATE
http://www.feminist.org,HUMR
http://www.fotolog.com,MMED
http://www.prophetofdoom.net,REL
http://www.scarleteen.com,XED
http://www.pogo.com/,CULTR
http://www.ebaumsworld.com,NEWS
http://anonymouse.org,ANON
http://www.wikia.com/fandom,MMED
https://rarbg.to/index8.php,FILE
http://blueskyswimwear.com,PROV
http://www.google.com/search?q=lesbian,SRCH
http://www.youporn.com/,PORN
http://www.bglad.com,LGBT
https://www.ndi.org/,POLR
http://mp3.com/,CULTR
http://community.livejournal.com/anorexicqueen/,CULTR
http://www.delicates.co.uk,PROV
http://cultdeadcow.com,HACK
http://www.glaad.org,LGBT
http://marijuana.nl,ALDR
http://www.theepochtimes.com,NEWS
http://www.veoh.com,MMED
http://hackers.com,HACK
http://www.teensource.org,XED
http://www.islameyat.com,REL
http://www.anonymitychecker.com,ANON
http://sfsi.org/,XED
http://www.hustler.com,PORN
http://alfie-atkins.blogspot.com,POLR
http://ablogformen2.blogspot.com,LGBT
http://abujahl.blogspot.com,REL
http://aadaamaak.blogfa.com,LGBT
http://alone-persian-man.blogspot.com,LGBT
http://amindownload.persianblog.com,HACK
http://azarmehr.blogspot.com/2011/08/lake-orumiyeh-environmental-catastrophe.html,ENV
http://back.to/cekaf/,PORN
http://aqueeerdiaries.blogspot.com,LGBT
http://acetaminophen.persianblog.com,POLR
http://bahai-library.com,HUMR
http://ayatesheytani.blogdrive.com,REL
http://bahairadio.org,HUMR
http://balatarin.com,NEWS
http://bahare-iran-ma.blogsky.com,CULTR
http://cachebanners.toteme.com,PORN
http://cappuccinomag.com,CULTR
http://damon-m-ukraine.blogsky.com,NEWS
http://dokhtare-aftab.blogfa.com,LGBT
http://bahaindex.com,HUMR
http://cheshmhayash.blogspot.com,POLR
http://dentist.blogspot.com,POLR
http://eslam.blogspot.com,REL
http://emroozdarharrooz.blogspot.com,POLR
http://farsibloger.persianblog.com,CULTR
http://farzan.envy.nu,CULTR
http://fashist78.persianblog.com,POLR
http://freedomforiran.persianblog.com,POLR
http://ghght.blogspot.com,POLR
http://gaysong.blogspot.com,LGBT
http://god_in_fire.blogspot.com,POLR
http://godandlord.blogspot.com,REL
http://ghoghnoos-iran.blogspot.com,POLR
http://hamseresht.blogfa.com,LGBT
http://happygay.blogspot.com,LGBT
http://hasanagha.net,HATE
http://hasanagha.net/blog/,HATE
http://if-l-were-god.blogspot.com,NEWS
http://heat40.blogspot.com,POLR
http://info.bahai.org/Persian/,HUMR
http://info.bahai.org,HUMR
http://harfeakhar.persianblog.com,LGBT
http://iraniandevelopment.blogspot.com,POLR
http://iranfocus.com,NEWS
http://iranview.blogspot.com,POLR
http://iranncr.org,POLR
http://likekhor.com/hot/,HOST
http://kodoiin.blogspot.com,NEWS
http://ladysun.net,HUMR
http://linkestane-ggbg.blogspot.com,HOST
http://kurdistanpress.com,HUMR
http://mamlekate.blogspot.com,POLR
http://mangoosaleam.blogspot.com,CULTR
http://members.fortunecity.com,HOST
http://keyvanlg.blogfa.com,LGBT
http://members.shaw.ca,GRP
http://news.gooya.com,NEWS
http://news.bahai.org,HUMR
http://nightly.blogspot.com,CULTR
http://mosharekat.persianblog.com,POLR
http://pesareghabile.blogspot.com,LGBT
http://pesari2004.persianblog.com,LGBT
http://photomohammad.persianblog.com,POLR
http://pjhouse.blogspot.com,LGBT
http://queerquotes.blogspot.com,LGBT
http://rahbarkhodam.blogspot.com,POLR
http://reference.bahai.org,HUMR
http://rezaghassemi.org,CULTR
http://rezaghassemi.org/davat.htm/,CULTR
http://resaleh.blogspot.com,REL
http://shabbin.blogspot.com,LGBT
http://pourostad.blogspot.com,POLR
http://salamazadi.persianblog.com,POLR
http://parsanevesht.blogspot.com,POLR
http://shabnameh.org,POLR
http://securenetworks.persianblog.com,POLR
http://southaz.blogspot.com/2011/08/petition-save-lake-urmia-and-release.html,ENV
http://statements.bahai.org,HUMR
http://riznevesht.blogspot.com,POLR
http://siahsepid.com,HUMR
http://sobhaneh.blogspot.com,HACK
http://shargi.blogspot.com,HUMR
http://us.bahai.org,HUMR
http://unitedwife.blogspot.com,POLR
http://wanderer-christ.persianblog.com,CULTR
http://www.aghaghi.com,GRP
http://www.1shooreshi.persianblog.com,POLR
http://www.absolut.com/ca,ALDR
http://www.akhond.tk,REL
http://www.akhavi.blogdrive.com,CULTR
http://www.alijavadi.com,POLR
http://www.alm3refh.com,HUMR
http://www.almeshkat.net,HUMR
http://www.albainah.net,HUMR
http://www.alqadisiyya3.com,HUMR
http://www.alrashead.net,HUMR
http://www.ansaaar.com/vb,HUMR
http://www.ansar.org,HUMR
http://www.ansarnet.8m.net,POLR
http://www.avairan.com,POLR
http://www.awfi.4t.com,HUMR
http://www.ayneh.com,POLR
http://www.azadegy.de,POLR
http://www.bahai.com,HUMR
http://www.bahmanagha.blogspot.com,CULTR
http://www.bbc.co.uk,NEWS
http://www.bbc.co.uk/persian/,NEWS
http://www.bijan-safsari.com,POLR
http://www.bijan-safsari.com/2004/09/blog-post_109555207075485756.html,POLR
http://www.charandiat.com,POLR
http://www.chekhabar.com,NEWS
http://www.cmi-fl.com,POLR
http://www.cyberfreehost.com,HOST
http://www.cyrusnews.com/news/fa/,NEWS
http://www.d-alsonah.com/vb,HUMR
http://www.dayani.de,POLR
http://www.dd-sunnah.net,HUMR
http://www.derafsh-kaviyani.com,HATE
http://www.derafsh-kaviyani.com/parsi/derafshk.html,HATE
http://www.dhr12.com,HUMR
http://www.dialogt.net,POLR
http://www.digarban.com,NEWS
"http://www.dw-world.de/dw/0,,641,00.html",NEWS
http://www.edharalhaq.com/vb,HUMR
http://www.eksir.com,REL
http://www.ellize.blogspot.com,HUMR
http://www.epersianradio.com,NEWS
http://www.estefta.blogspot.com,REL
http://www.etehadchap.com,MILX
http://www.fadaian.org,MILX
http://www.farsibooksonline.blogspot.com,CULTR
http://www.farsijoke.com,GRP
http://www.femirani.com,HUMR
http://www.femirani.com/weblog/,HUMR
http://www.forouharha.com,POLR
http://www.frqan.com,HUMR
http://www.funiran.com,GRP
http://www.ghoghnoos.org,POLR
http://www.google.com/search?hl=ar&q=%D8%AC%D9%86%D8%AF%D9%87&btnG=%D8%A5%D8%A8%D8%AD%D8%AB%21&lr=,SRCH
http://www.google.com/search?hl=ar&q=%D9%87%D8%B4%D8%B1%DB%8C&btnG=%D8%A5%D8%A8%D8%AD%D8%AB%21&lr=,SRCH
http://www.google.com/search?hl=ar&q=%DA%A9%DB%8C%D8%B1&btnG=%D8%A5%D8%A8%D8%AD%D8%AB%21&lr=,SRCH
http://www.google.com/search?hl=ar&q=jende&btnG=%D8%A5%D8%A8%D8%AD%D8%AB%21&lr=,SRCH
http://www.google.com/search?hl=ar&q=Koon&btnG=%D8%A5%D8%A8%D8%AD%D8%AB%21&lr=,SRCH
http://www.google.com/search?hl=fa&q=%D8%B3%DA%A9%D8%B3&btnG=%D8%A8%D9%8A%D8%A7%D8%A8,SRCH
http://www.google.com/search?hl=fa&q=%DA%AF%D8%A7%DB%8C%DB%8C%D8%AF%D9%86&btnG=%D8%A8%D9%8A%D8%A7%D8%A8,SRCH
http://www.hambastegi.org,POLR
http://www.hastii.blogspot.com,HUMR
http://www.hambastegimeli.com,NEWS
http://www.hemid.com,HUMR
http://www.hi5.com,GRP
http://www.hewarona.com,HUMR
http://www.hoveyda.org,POLR
http://www.homa.org,HUMR
http://www.i-w-o.org,POLR
http://www.immigration-iran.sayt.ws,HOST
http://www.iran-e-azad.org,NEWS
http://www.iran-nabard.com,POLR
http://iran.mojahedin.org,MILX
http://www.iranara.blogspot.com,REL
http://www.iranbestsites.com,GRP
http://www.irangroup.bravepages.com,POLR
http://www.iranian.com/main/2011/aug/lake-orumiyeh-drying,ENV
http://www.iranianuk.com,NEWS
http://www.iranpressnews.com,NEWS
http://www.iranntv.com,NEWS
http://www.iransocialforum.org,POLR
http://www.irantestimony.com,HUMR
http://www.iranvajahan.net/farsi/,POLR
http://www.iranvajahan.net,POLR
http://www.islamport.com,HUMR
http://www.islamicweb.com/arabic/shia,HUMR
http://www.jebhemelli.net,MILX
http://www.jawanan.org,POLR
http://www.jonbesh.org,POLR
http://www.jebhemelli.org,POLR
http://www.kaleme.com,NEWS
http://www.kaafaraaneh.blogspot.com,REL
http://www.kayhanlondon.com,NEWS
http://www.khgh.blogspot.com,PORN
http://www.khomainy.com,HUMR
http://www.komala.org,HUMR
http://www.kurdistanmedia.com,HUMR
http://www.mabhoot.blogspot.com,REL
http://www.mani4lgbt.blogspot.com,LGBT
http://www.marxsociety.com,POLR
http://www.mimnoon.com,HUMR
http://www.mimnoon.com/mana/,HUMR
http://www.mktehrani.com,POLR
http://www.marzeporgohar.org,NEWS
http://www.mojahedin.org/pages/index.aspx,NEWS
http://www.molla-hassani.tripod.com,POLR
http://www.montazeri.com,REL
http://www.montazeri.net,REL
http://www.mortad.blogspot.com,REL
http://www.muslm.net/vb,HUMR
http://www.newsagency-ina.com,NEWS
http://www.niabati.tk,POLR
http://www.nitv.tv,NEWS
http://www.nourizadeh.com,NEWS
http://www.nscash.com,PORN
http://www.oddworldz.com,SRCH
http://www.oddworldz.com/akhond/,SRCH
http://www.omgh.persianblog.com,HUMR
http://www.page.to/kaveh/,REL
http://www.oursouthazerbaijan.com/khaber_orumiyeh_da.htm,ENV
http://www.pdki.org,HUMR
http://www.pesaregay.blogspot.com,LGBT
http://www.pezhvakeiran.com,NEWS
http://www.pglo.net,LGBT
http://www.PersianBlog.com,POLR
http://www.popcelebs.com,PORN
http://www.pouyashome.com,HUMR
http://www.pouyashome.com/weblog/,HUMR
http://www.pyknet.net,NEWS
http://www.radiofarda.com,NEWS
http://www.radioazadi.org,NEWS
http://www.phoenix-dg.com,GRP
http://www.radiozamaneh.com,NEWS
http://www.rahesabz.net,NEWS
http://www.radis.org,NEWS
http://www.rahavard.com,POLR
http://www.rferl.org/featuresarchive/country/iran.html,NEWS
http://www.rferl.org,NEWS
http://www.roozi.com,GRP
http://www.rsf.org/article.php3?id_article=19016,NEWS
http://www.roozonline.com,NEWS
http://www.samaa.org,POLR
http://www.sarbedaran.org,POLR
http://www.shabnameh.org,POLR
http://www.sexguide.blogspot.com,XED
http://www.shopca.com,POLR
http://www.shopca.com/doctoreshraghi/,POLR
http://www.sigarchi.com,CULTR
http://www.sigarchi.com/blog/,CULTR
http://www.siasate-kargari.com,NEWS
http://www.sobhiran.com,POLR
http://www.tapesh.com,GRP
http://www.sunni-news.net,REL
http://www.tinypic.com,MMED
http://www.toufan.org,POLR
http://www.tudehpartyiran.org,MILX
http://www.tudehpartyiran.org/mardom.htm,MILX
http://www.voanews.com/persian/,NEWS
http://www.webwarper.net,ANON
http://www.webwarper.net/ww?info=1/,ANON
http://www.tootfarangi.blogspot.com,XED
http://www.wmmh.blogspot.com,LGBT
http://www.womeniniran.com,HUMR
http://www.workertoday.com,NEWS
http://www.wylsh.com,HUMR
http://www.wsu-iran.org,NEWS
http://www.wpiran.org,POLR
http://zahrahb.tumblr.com,MMED
http://www.zaneirani.blogspot.com,HUMR
http://zane-azad.blogspot.com,HUMR
http://irangreenvoice.com//,NEWS
http://zekipedia.wordpress.com,CULTR
http://nurizad.info/,NEWS
http://www.zard-aloo.blogspot.com,PORN
http://dw.de,NEWS
http://wordpress.com,HOST
http://bbcpersian.com/,NEWS
http://footballitarin.com,CULTR
http://blogger.com,HOST
http://aawsat.com/,NEWS
http://www.al-madina.com/,NEWS
http://sabq.org/,NEWS
http://www.alriyadh.com/home,NEWS
http://www.aleqt.com/,NEWS
http://www.sekaf.com,GRP
http://www.anbacom.com/,NEWS
http://www.al-jazirah.com/,NEWS
http://www.hailnews.net/hail/,NEWS
http://www.jazannews.org/,NEWS
http://www.alazd.net/,NEWS
http://www.almowaten.net/,NEWS
http://www.ekhbariyatv.sa/,NEWS
http://www.geod7.com/,NEWS
http://alarabiya.net,NEWS
http://www.alsharq.net.sa/,NEWS
http://rhr.org.il/eng/,HUMR
http://www.tase.co.il/eng/pages/homepage.aspx,COMM
http://www.mossad.gov.il/default.aspx,GOVT
http://www.mod.gov.il,GOVT
http://www.sqlserver.co.il,HACK
http://www.bus.co.il,CULTR
http://www.ramla.muni.il,GOVT
http://minuf.co.il,ECON
http://www.rafael.co.il,GOVT
http://www.boi.org.il,GOVT
http://www.basket.co.il,CULTR
http://library.sheba.co.il,PUBH
http://elyon1.court.gov.il/eng/siyur/index.html,GOVT
http://www.cbs.gov.il,GOVT
http://www.greenbo.co.il,CULTR
http://www.antiquities.org.il,CULTR
http://www.aaci.org.il,CULTR
http://www.science.co.il,GOVT
http://persian.euronews.com,NEWS
https://jensiat.io,XED
http://www.bbc.com/persian,NEWS
http://www.samen-alhojaj.ir,COMM
http://www.isa.gov.il,GOVT
http://8thstreetlatinas.com,PORN
http://anon.inf.tu-dresden.de,ANON
http://alt.com,PORN
http://anonnews.org,HACK
http://abpr2.railfan.net,MMED
http://anonymizer.secuser.com,ANON
http://astalavista.box.sk,HACK
http://beeg.com,PORN
http://adultfriendfinder.com,DATE
http://blogmarks.net,GRP
http://bnaibrith.org,REL
http://bluehoney.org,ALDR
http://bravotube.net,PORN
http://blogspot.com,NEWS
http://btguard.com,ANON
http://cocaine.org,ALDR
http://commons.wikimedia.org,GRP
http://conan.xxx,PORN
http://coolgaylinks.com,PORN
http://dcemail.com,COMT
http://doctissimo.fr,PUBH
http://download.cnet.com/freegate/3000-2085_4-10415391.html,ANON
http://duckduckgo.com,SRCH
http://extratorrent.com,FILE
http://famousnudes.com,PORN
http://fark.com,GRP
http://feministing.com,HUMR
http://filestube.com,MMED
http://forum.grasscity.com,ALDR
http://freenetproject.org,ANON
http://friendfinder.com,DATE
http://fsrn.org,HUMR
http://gawker.com,CULTR
http://gayromeo.com,LGBT
http://globalvoicesonline.org,NEWS
http://gaytoday.com,LGBT
http://gayonthenet.net,PORN
http://guerrillagirls.com,HUMR
http://herdict.org,HUMR
http://hardsextube.com,PORN
http://hidemyass.com,ANON
http://hightimes.com,ALDR
http://hotgaylist.com,PORN
http://howtogrowmarijuana.com,ALDR
http://hulu.com,MMED
http://identi.ca,MMED
http://imgur.com,MMED
http://imp.free.fr,COMT
http://isaalmasih.net,REL
http://jezebel.com,CULTR
http://kat.ph,PORN
http://khilafah.net,MILX
http://kickme.to/FOSI,FILE
http://kickme.to,FILE
http://last.fm,MMED
http://lesboerotica.net,PORN
http://mail.walla.co.il,COMT
http://manhub.com,PORN
http://milfhunter.com,PORN
http://mixi.jp,GRP
http://mybloglog.com,GRP
http://netflix.com,MMED
http://news.bbc.co.uk,POLR
http://ning.com,GRP
http://debate.org.uk,REL
http://openvpn.net,ANON
http://physiciansforhumanrights.org,HUMR
http://pogo.com,CULTR
http://pornhub.com,PORN
http://postimage.org,MMED
http://pridetube.com,PORN
http://proxify.com,ANON
http://proxpn.com,ANON
http://proxytools.sourceforge.net,ANON
http://psiphon.ca,ANON
http://redtube.com,PORN
http://realdoll.com,PORN
http://rockettube.com,PORN
http://sites.google.com,HOST
http://spankwire.com,PORN
http://spys.ru,ANON
http://thepiratebay.org,FILE
http://timesofindia.indiatimes.com,NEWS
http://tor.eff.org,ANON
http://translator.babylon.com,COMT
http://transsexual.org,LGBT
http://twilight.ws,FILE
http://twitpic.com,MMED
http://twitter.com,GRP
http://twitter.com/anonops,GRP
http://twitter.com/youranonnews/,GRP
http://ultrasurf.us,ANON
http://video.google.com,MMED
http://vimeo.com,MMED
http://wikia.com,MMED
http://www.2cutelingerie.com,PROV
http://www.365gay.com,NEWS
http://www.43things.com,GRP
http://www.4chan.org,GRP
http://www.3wishes.com,PROV
http://www.888casino.com,GMB
http://www.911truth.org,CULTR
http://www.89.com,PORN
http://www.abcunderwear.com,PROV
http://www.address.com,SRCH
http://www.advocate.com,NEWS
http://www.afterellen.com,LGBT
http://www.agentprovocateur.com,PROV
http://www.alarabiya.net,NEWS
http://www.altpenis.com,PUBH
http://www.amateurpages.com,PORN
http://www.animalliberationfront.com,ENV
http://www.anonymizer.com,ANON
http://www.anonymsurfen.com,ANON
http://www.anonymizer.ru,ANON
http://www.arablounge.com,DATE
http://www.ariannelingerie.com,PROV
http://www.arabtimes.com,NEWS
http://www.article19.org,HUMR
http://www.ashemaletube.com,PORN
http://www.atheistalliance.org,REL
http://www.atheists.org,REL
http://www.awid.org,HUMR
http://www.bahai.org,HUMR
http://www.barmeister.com,ALDR
http://www.bearshare.com,FILE
http://www.bbc.com/news/,NEWS
http://www.bebo.com,MMED
http://www.beer.com,ALDR
http://www.bellebound.com,PORN
http://www.betfair.com,GMB
http://www.belmont.ag,GMB
http://www.bisexual.org,LGBT
http://www.blackhat.be,HACK
http://www.blackjackinfo.com,GMB
http://www.blogger.com,HOST
http://www.bmezine.com,MISC
http://www.breastenlargementmagazine.com,PUBH
http://www.budweiser.com,ALDR
http://www.buydutchseeds.com,ALDR
http://www.cannaweed.com,ALDR
http://www.carnivalcasino.com,GMB
http://www.casinotropez.com,GMB
http://www.catholic.org,HUMR
http://www.cbsnews.com,NEWS
http://www.ccel.org,REL
http://www.cdt.org,HUMR
http://www.chantelle.com,PROV
http://www.christianity.com,REL
http://www.christianitytoday.com,REL
http://www.cirp.org,PUBH
http://www.citizenlab.org,HUMR
http://www.collegehumor.com,CULTR
http://www.coquette.com,PROV
http://www.cpj.org,HUMR
http://www.crazyshit.com,PORN
http://www.cutegirlfriend.net,DATE
http://www.cultoferotica.com,PORN
http://www.dailymail.co.uk,NEWS
http://www.dailymotion.com,NEWS
http://www.copticchurch.net,REL
http://www.date.com,DATE
http://www.datingdirect.com,DATE
http://www.dating.com,DATE
http://www.datpiff.com,CULTR
http://www.deathmetal.org,CULTR
http://www.eff.org,HUMR
http://www.eharmony.com,DATE
http://www.episcopalchurch.org,HUMR
http://www.eurogrand.com,GMB
http://www.exmormon.org,REL
http://www.facebook.com,GRP
http://www.famouspornstars.com,PORN
http://www.femalestars.com,PORN
http://www.fidh.org,HUMR
http://www.figleaves.com,PROV
http://www.flirtylingerie.com,PROV
http://www.flickr.com,MMED
http://www.fotki.com,MMED
http://www.foxnews.com,NEWS
http://www.freedomhouse.org,HUMR
http://www.freeexpression.org,HUMR
http://www.freegaypornfinder.com,PORN
http://www.freegaypornhdtube.com,PORN
http://www.freemuse.org,HUMR
http://www.freespeech.org,HUMR
http://www.freespeechcoalition.com,HUMR
http://www.freshpair.com,PROV
http://www.gambling.com,GMB
http://www.fuckingfreemovies.com,PORN
http://www.gay.com,LGBT
http://www.gayegypt.com,LGBT
http://www.gayhealth.com,LGBT
http://www.gayscape.com,LGBT
http://www.glbtq.com,LGBT
http://www.gn.apc.org,HOST
http://www.gmhc.org,LGBT
http://www.goarch.org,REL
http://www.goldenrivieracasino.com,GMB
http://www.google.com/search?q=gay,SRCH
http://www.gotgayporn.com,PORN
http://www.grandonline.com,GMB
http://www.guardster.com,ANON
http://www.haaretz.com,NEWS
http://www.hanes.com,PROV
http://www.hereistheporn.com,PORN
http://www.hitler.org,CULTR
http://www.hrc.org,HUMR
http://www.hotspotshield.com,ANON
http://www.hrw.org,HUMR
http://www.http-tunnel.com,ANON
http://www.humanrightsfirst.org,HUMR
http://www.ict.org.il,MILX
http://www.ifge.org,LGBT
http://www.iglhrc.org,LGBT
http://www.ilga.org,LGBT
http://www.imageshack.us,MMED
http://www.imesh.com,FILE
http://www.implantinfo.com,PUBH
http://www.inetprivacy.com,ANON
http://www.infidels.org,CULTR
http://www.ipvanish.com,ANON
http://www.isiswomen.org,HUMR
http://www.itsyoursexlife.com,XED
http://www.jihadwatch.org,POLR
http://www.jmarshall.com/tools/cgiproxy/,ANON
http://www.justin.tv,MMED
http://www.jackdaniels.com,ALDR
http://www.kickassclassical.com,CULTR
http://www.lanacion.com.ar,NEWS
http://www.lasenza.com,PROV
http://www.lds.org,HUMR
http://www.learningpartnership.org,HUMR
http://www.jdate.com,DATE
http://www.lesbian.org,LGBT
http://www.lgf.org.uk,LGBT
http://www.lesbiansubmission.com,PORN
http://www.lingeriebowl.com,PROV
http://www.livejasmin.com,PORN
http://www.liveleak.com,MMED
http://www.luckynugget.com,GMB
http://www.lyricwiki.org,MMED
http://www.marijuana.com,ALDR
http://www.mate1.com,DATE
http://www.match.com,DATE
http://www.marxists.org,CULTR
http://www.maven.co.il,SRCH
http://www.meetic.com,DATE
http://www.metacafe.com,MMED
http://www.metal-archives.com,CULTR
http://www.mininova.org,FILE
http://www.mideastyouth.com,NEWS
http://www.moderndrunkardmagazine.com,ALDR
http://www.mormon.org,HUMR
http://www.monacogoldcasino.com,GMB
http://www.mp3.com,CULTR
http://www.muhammadanism.com,REL
http://www.multiproxy.org,ANON
http://www.myspace.com,GRP
http://www.naral.org,NEWS
http://www.naughty.com,PORN
http://www.ncac.org,HUMR
http://www.ndi.org,POLR
http://www.ned.org,POLR
http://www.no-porn.com,PUBH
http://www.oikoumene.org,REL
http://www.okcupid.com,DATE
http://www.online-dating.org,DATE
http://www.onlinegambling.com,GMB
http://www.oovoo.com,MMED
http://www.ou.org,HUMR
http://www.paltalk.com,COMT
http://www.pamperedpassions.com,PORN
http://www.pandora.com,MMED
http://www.panties.com,PROV
http://www.pcusa.org,HUMR
http://www.peacefire.org,ANON
http://www.peacefire.org/circumventor/simple-circumventor-instructions.html,ANON
http://www.penisbot.com,PORN
http://www.penthouse.com,PORN
http://www.persiankitty.com,PORN
http://www.person.com,DATE
http://www.photobucket.com,MMED
http://www.plannedparenthood.org,XED
http://www.playboy.com,PORN
http://www.pof.com,DATE
http://www.poker.com,GMB
http://www.pokerstars.com,GMB
http://www.peoplesproxy.com,ANON
http://www.pokerstars.net,GMB
http://www.positive.org,XED
http://www.postmaster.co.uk,COMT
http://www.premaritalsex.info,XED
http://www.proxyweb.net,ANON
http://www.purenudism.net,PROV
http://www.purevpn.com,ANON
http://www.purextc.com,PORN
http://www.queerty.com,LGBT
http://www.rambler.ru,NEWS
http://www.rbf.org,ECON
http://www.reddit.com,NEWS
http://www.queernet.org,LGBT
http://www.rollingstone.com,CULTR
http://www.rollitup.org,ALDR
http://www.rockstargames.com,GAME
http://www.riverbelle.com,GMB
http://www.roxypalace.com,GMB
http://www.royalvegas.com,GMB
http://www.rsf.org,NEWS
http://www.samesexmarriage.ca,LGBT
http://www.sbc.net,HUMR
http://www.scribd.com,FILE
http://www.secondlife.com,GRP
http://www.sexedlibrary.org,XED
http://www.sex.com,PORN
http://www.sexetc.org,XED
http://www.sexualhealth.com,XED
http://www.sexy-geschichten.at,PORN
http://www.shroomery.org,ALDR
http://www.siecus.org,XED
http://www.slotland.com,GMB
http://www.soros.org,HUMR
http://www.spark.com,DATE
http://www.speeddater.co.uk,DATE
http://www.spinpalace.com,GMB
http://www.sportsinteraction.com,GMB
http://www.strongvpn.com,ANON
http://www.systranbox.com,COMT
http://www.stupidcensorship.com,ANON
http://www.tango.me,MMED
http://www.teenhealthfx.com,XED
http://www.thehacktivist.com,HACK
http://www.thenationalcampaign.org,XED
http://www.theonion.com,CULTR
http://www.tialsoft.com/download/,COMT
http://www.tialsoft.com/multitranse/,COMT
http://www.trashy.com,PROV
http://www.tripod.lycos.co.uk,HOST
http://www.true.com,COMM
http://www.truthnet.org,REL
http://www.twistedinternet.com,HACK
http://www.ucc.org,HUMR
http://www.ultimate-anonymity.com,ANON
http://www.umc.org,HUMR
http://www.unpo.org,HUMR
http://www.usacasino.com,GMB
http://www.usaid.gov,ECON
http://www.ushmm.org,CULTR
http://www.vanguardnewsnetwork.com,HATE
http://www.vibe.com,CULTR
http://www.victoriassecret.com,PROV
http://www.venusswimwear.com,PROV
http://www.wallpapergate.com,FILE
http://www.watchtower.org,HUMR
http://www.webspawner.com,HOST
http://www.webwombat.com.au,SRCH
http://www.weebly.com,HOST
http://www.weedfarmer.com,ALDR
http://www.wetplace.com,PORN
http://www.wluml.org,HUMR
http://www.worldjewishcongress.org,REL
http://www.worldsex.com,PORN
http://www.xanga.com,HOST
http://www.xroxy.com,ANON
http://www.xxlmag.com,CULTR
http://www.ya.com,COMM
http://www.ya.com/mixmail/,COMM
http://www.youtube.com,MMED
http://www.youngerbabes.com,PORN
http://www.zensur.freerk.com,ANON
http://www.zoomshare.com,HOST
http://xhamster.com,PORN
http://xvideos.com,PORN
http://yfrog.com,MMED
http://youjizz.com,PORN
http://youporn.com,PORN
https://citizenlab.org,HUMR
https://pinterest.com,GRP
https://plus.google.com,GRP
https://secure.flickr.com,MMED
https://thepiratebay.se,FILE
https://torrentz.eu,FILE
https://www.cia.gov,GOVT
https://ultrasurf.us,ANON
https://www.facebook.com,GRP
https://www.megaproxy.com,ANON
https://www.torproject.org,ANON
https://www.tumblr.com,MMED
http://www.siahkal.com,POLR
http://www.alyaum.com/,NEWS
http://advocacy.globalvoicesonline.org,HUMR
http://masexualite.ca,XED
http://www.centcom.mil,GOVT
http://www.dw-world.de,NEWS
http://www.europacasino.com,GMB
http://www.alserdaab.org,HUMR
http://www.fnoor.com,HUMR
http://www.theworld.org/2011/09/the-consequences-of-irans-lake-orumiyeh-drying-up/,ENV
http://www.indiatimes.com,NEWS
http://www.sfsi.org,XED
http://groups.yahoo.com/group/kermanshah_dokhtar_va_pesar/,PORN
http://www.galilcol.ac.il,ECON
http://www.babylon-x.com,PORN
http://www.cannabis.com,ALDR
http://dargahpardakht.com,COMM
http://www.dit-inc.us,ANON
http://www.sharareha.com,POLR
http://www.partypoker.net,GMB
http://www.sportingbet.com,GMB
http://www.worldofwarcraft.com,GAME
http://www.shurideh.com,NEWS
http://www.tarhino.com,POLR
http://www.alwatan.com.sa/,NEWS
http://international.ohmynews.com,NEWS
http://www.buddhanet.net,REL
http://www.bbcworld.com,NEWS
http://www.pokerroom.com,GMB
http://www.alrased.net/site,HUMR
http://bahai-education.org,HUMR
http://www.infowar-monitor.net,GOVT
http://www.alburhan.com,HUMR
http://go.com,SRCH
http://rarbg.to,FILE
http://isohunt.com,FILE
http://www.scruff.com/,LGBT
http://tinyurl.com,HOST
http://kat.cr,FILE
https://duckduckgo.com/,SRCH
http://www.fark.com/,GRP
https://extratorrent.cc,FILE
https://freenetproject.org/,ANON
http://extratorrent.cc,FILE
http://www.asianangels.com,PORN
http://www.cannabis.info,ALDR
http://proxy.org/,ANON
https://www.queerty.com/,LGBT
http://www.bbc.com/news,NEWS
https://www.gay.com/,LGBT
https://www.blogger.com/,HOST
https://myspace.com/,GRP
http://www.newnownext.com/franchise/the-backlot/,LGBT
https://www.pinterest.com/,GRP
http://www.pornhub.com/,PORN
http://zoomshare.com/,HOST
http://www.guerrillagirls.com/,HUMR
https://strongvpn.com/,ANON
https://www.3wishes.com/,PROV
https://www.reddit.com/,NEWS
https://www.purevpn.com/,ANON
https://www.usaid.gov/,ECON
http://www.oovoo.com/,MMED
https://www.flickr.com/,MMED
https://psiphon.ca/,ANON
https://worldofwarcraft.com/,GAME
https://xhamster.com/,PORN
https://www.spark.com/,DATE
http://peacefire.org/,ANON
http://www.venus.com/,PROV
https://www.hidemyass.com/,ANON
http://www.last.fm/,MMED
https://www.netflix.com/,MMED
https://openvpn.net,ANON
https://secure.proxpn.com/,ANON
http://russia.tv,NEWS
https://www.alarabiya.net/,NEWS
https://www.anonymizer.com/,ANON
http://cannabis.com/,ALDR
http://www.cbc.ca,NEWS
http://freemuse.org/,HUMR
https://www.gambling.com/,GMB
http://www.grindr.com/,LGBT
http://guardster.com/,ANON
https://www.hotspotshield.com/,ANON
https://www.hrw.org/,HUMR
http://ilga.org/,LGBT
https://www.ipvanish.com/,ANON
http://kickassclassical.com/,CULTR
http://amygoodloe.com/lesbian-dot-org/,LGBT
http://www.lingerieatlarge.com,PROV
https://www.marxists.org/,CULTR
http://ncac.org/,HUMR
https://www.okcupid.com/,DATE
https://www.scribd.com/,FILE
http://secondlife.com/,GRP
https://www.shroomery.org/,ALDR
http://thenationalcampaign.org/,XED
https://trashy.com/,PROV
https://www.tumblr.com/,MMED
http://www.topdrawers.com,PROV
http://unpo.org/,HUMR
https://www.victoriassecret.com/,PROV
http://weedfarmer.com/,ALDR
http://www.winespectator.com,ALDR
http://xanga.com/,HOST
https://www.youtube.com,MMED
http://www.xvideos.com/,PORN
https://asl19.org,HUMR
http://god-in-fire.blogspot.com,CULTR
http://justice4iran.org,HUMR
http://www.arvand.net,POLR
http://www.biganeh.u4l.com,PORN
https://www.hrw.org,HUMR
https://www.iranhumanrights.org,HUMR
http://www.montazeri.ws,REL
http://www.sigarchi.net,NEWS
http://www.sigarchi.net/blog/,NEWS
http://www.spa.gov.sa/,NEWS
https://secure.flickr.com/,MMED
http://www.viber.com,COMT
https://zanantv.net/,NEWS
https://www.manoto.news/,NEWS
https://www.facebook.com/mehdi.parpanchi,GRP
https://www.facebook.com/kambizhosseini,GRP
https://toonistan.com/fresh,GRP
https://toonistan.com/,GRP
https://rowzane.com/,NEWS
https://khodnevis.org/,NEWS
http://zibanawak.blogspot.com/,CULTR
http://zariyaddastha.blogspot.com/,CULTR
http://yekpanjare.blogspot.com/,CULTR
http://www.vsquds.com/,MILX
http://www.tourjan.com/,CULTR
http://www.taghato.net/,NEWS
http://www.sheida.com/,CULTR
http://www.sharqparsi.com/,NEWS
http://www.shahrvand.com/,NEWS
http://www.sazegara.net/persian/,POLR
http://www.sahamnews.net/,NEWS
http://www.roozonline.com/,NEWS
http://www.roohsavar.com/,NEWS
http://www.rangin-kaman.org/,HUMR
http://www.rahesabz.net/,NEWS
http://www.radis.org/,NEWS
http://www.radiotooka.com/,NEWS
http://www.radiohamrah.com/,NEWS
http://www.pyknet.net/,NEWS
http://www.peykeiran.com/,NEWS
http://www.peace-mark.org/,HUMR
http://www.nourizadeh.com/,NEWS
http://www.ostanban.com/,GAME
http://www.majidzohari.com/,CULTR
http://www.madyariran.net/,COMM
http://www.khosoof.com/,CULTR
http://www.khanehamn.org/,HUMR
http://www.jjdli.com/fa/,HUMR
http://www.iranpressnews.com/,NEWS
http://www.iranrights.org/,HUMR
http://www.irangreenvoice.com/,NEWS
http://www.humanrights-ir.org/,HUMR
http://www.hraicp.org/,HUMR
http://www.glwiz.com/homepage.aspx,MMED
http://www.fozoolemahaleh.com/,HUMR
http://www.femirani.com/,HUMR
http://www.emruznews.com/,NEWS
http://www.digarban.com/,NEWS
http://www.darsahn.org/,POLR
http://www.asgharagha.com/,CULTR
http://www.all-film.com/,CULTR
http://www.akhbar-rooz.com/,NEWS
http://varteh.persianblog.ir/,POLR
http://www.abdolghaderbalouch.com/,CULTR
http://thetehrantimes.tumblr.com/,GRP
http://taghato.net/,NEWS
http://tehranreview.net/,NEWS
http://tableaumag.com/,CULTR
http://sibzamini-dagh.blogspot.com/,CULTR
http://sibiltala.blogspot.com/,CULTR
http://shabnamefekr.blogspot.com/,CULTR
http://seyedmojtaba-vahedi.blogspot.com/,CULTR
http://sibestaan.malakut.org/,CULTR
http://rahedigar.net/,NEWS
http://radiokoocheh.com/,CULTR
http://radio-neda.blogspot.com/,CULTR
http://pirefarzaneh2.blogspot.com/,CULTR
http://persian.kamangir.net/,HUMR
http://pejighorghoru.blogspot.com/,CULTR
http://parsianeh.blogspot.com/,CULTR
http://observers.france24.com/fa,NEWS
http://osyan.net/,CULTR
http://nikomakhus1.blogspot.fr/,CULTR
http://nikomakhus1.blogspot.com/,CULTR
http://openasia.org/,HUMR
http://nesvan1.wordpress.com/,CULTR
http://nargesstavassolian.blogspot.com/,CULTR
http://monsefaneh.blogspot.com/,CULTR
http://mohajerani.maktuob.net/,CULTR
http://mmoeeni14.blogspot.com/,CULTR
http://mirfetros.com/fa/,CULTR
http://mihan.net/,NEWS
http://memarinews.com/,NEWS
http://mizankhabar.net/,NEWS
http://melimazhabi.com/,NEWS
http://mehdikhalaji.com/,POLR
http://maroufi.malakut.org/,CULTR
http://mardomreport.net/,NEWS
http://maryaminaa.blogspot.com/,CULTR
http://marde-rooz.com/,CULTR
http://kodoiin.blogspot.com/,NEWS
http://khers69.wordpress.com/,CULTR
http://kadivar.maktuob.net/,CULTR
http://iranshahrnewsagency.com/,NEWS
http://iranjavan.net/,CULTR
http://iranhr.net/fa/,HUMR
http://iranefardanews.com/,NEWS
http://kayhan.london/fa/,NEWS
http://iranefardalive.com/,NEWS
http://ir.mondediplo.com/,NEWS
http://hra-news.org/,NEWS
http://gistela.blogspot.com/,CULTR
http://goftaniha.org/,PUBH
http://foroughs.blogspot.com/,CULTR
http://fatemehshams.com/,CULTR
http://farsi.alarabiya.net/,NEWS
http://farhadheyrani.blogspot.com/,CULTR
http://elham13.blogspot.com/,CULTR
http://ehsanameh.blogspot.com/,CULTR
http://enghelabe-eslami.com/,NEWS
http://dybweblog.blogspot.com/,CULTR
http://doreroozgaran.blogspot.com/,CULTR
http://dooush.blogspot.com/,CULTR
http://donbalak.blogspot.com/,CULTR
http://ch1.cc/,NEWS
http://dalghakirani.blogspot.com/,CULTR
http://brick.blogfa.com/,CULTR
http://cafeneveshteh.com/,CULTR
http://blog.malakut.org/,CULTR
http://blog.hasanagha.net/,CULTR
http://divanesara2.blogspot.com/,CULTR
http://beynamatniyat.blogspot.fr/,CULTR
http://blog.dastneveshteha.com/,CULTR
http://bamdadkhabar.com/,HUMR
http://babakdad.blogspot.fr/,CULTR
http://bahmanagha.blogspot.com/,CULTR
http://asre-nou.net/,POLR
http://azadeh7.net/,CULTR
http://aminsabeti.net/,POLR
http://art-ghadimiha.blogspot.com/,CULTR
http://amadnews.com/,NEWS
http://alirezarezaee1.blogspot.com/,CULTR
http://aminbozorgian.wordpress.com/,CULTR
http://alimotahari.ir,POLR
http://alimohtadi.com/,POLR
http://aliafshari.com/,POLR
http://ahmadbatebi.com/,POLR
http://advar-news.biz/,NEWS
http://30mail.net,MMED
http://persianblog.com/,HOST
https://www.radiojavan.com/,CULTR
http://imesh.com/,FILE
http://www.latinmail.com,COMT
http://nokte.malakut.org/archives/005715.shtml#more,POLR
http://nokte.malakut.org,POLR
http://www.avayeashena.com,POLR
http://www.omilani.netfirms.com,REL
http://www.omilani.netfirms.com/baad/,REL
http://www.smtohidi.org,POLR
http://www.ufin.org,POLR
http://www.voinews.net/,NEWS
http://www.clubdicecasino.com,GMB
https://www.instagram.com/,MMED
http://www.habbo.com,GAME
http://www.linay.com,PROV
https://www.zarinpal.com,COMM
https://kids.yahoo.com,SRCH
https://bridges.torproject.org,ANON
https://explorer.ooni.torproject.org,ANON
https://ooni.torproject.org,ANON