domain,category_code
absolut.com,ALDR
marijuana.nl,ALDR
bluehoney.org,ALDR
cocaine.org,ALDR
forum.grasscity.com,ALDR
hightimes.com,ALDR
howtogrowmarijuana.com,ALDR
barmeister.com,ALDR
beer.com,ALDR
budweiser.com,ALDR
buydutchseeds.com,ALDR
cannaweed.com,ALDR
jackdaniels.com,ALDR
marijuana.com,ALDR
moderndrunkardmagazine.com,ALDR
rollitup.org,ALDR
shroomery.org,ALDR
weedfarmer.com,ALDR
cannabis.com,ALDR
cannabis.info,ALDR
winespectator.com,ALDR
proxify.com,ANON
multiproxy.org,ANON
proxytools.sourceforge.net,ANON
anonymouse.org,ANON
anonymitychecker.com,ANON
webwarper.net,ANON
anon.inf.tu-dresden.de,ANON
anonymizer.secuser.com,ANON
btguard.com,ANON
download.cnet.com,ANON
freenetproject.org,ANON
hidemyass.com,ANON
openvpn.net,ANON
proxpn.com,ANON
psiphon.ca,ANON
spys.ru,ANON
tor.eff.org,ANON
ultrasurf.us,ANON
anonymizer.com,ANON
anonymsurfen.com,ANON
anonymizer.ru,ANON
guardster.com,ANON
hotspotshield.com,ANON
http-tunnel.com,ANON
inetprivacy.com,ANON
ipvanish.com,ANON
jmarshall.com,ANON
peacefire.org,ANON
peoplesproxy.com,ANON
proxyweb.net,ANON
purevpn.com,ANON
strongvpn.com,ANON
stupidcensorship.com,ANON
ultimate-anonymity.com,ANON
xroxy.com,ANON
zensur.freerk.com,ANON
megaproxy.com,ANON
torproject.org,ANON
dit-inc.us,ANON
proxy.org,ANON
secure.proxpn.com,ANON
bridges.torproject.org,ANON
explorer.ooni.torproject.org,ANON
ooni.torproject.org,ANON
tase.co.il,COMM
samen-alhojaj.ir,COMM
true.com,COMM
ya.com,COMM
dargahpardakht.com,COMM
madyariran.net,COMM
zarinpal.com,COMM
dcemail.com,COMT
imp.free.fr,COMT
mail.walla.co.il,COMT
translator.babylon.com,COMT
paltalk.com,COMT
postmaster.co.uk,COMT
systranbox.com,COMT
tialsoft.com,COMT
viber.com,COMT
latinmail.com,COMT
tmz.com,CULTR
pogo.com,CULTR
mp3.com,CULTR
community.livejournal.com,CULTR
bahare-iran-ma.blogsky.com,CULTR
cappuccinomag.com,CULTR
farsibloger.persianblog.com,CULTR
farzan.envy.nu,CULTR
mangoosaleam.blogspot.com,CULTR
nightly.blogspot.com,CULTR
rezaghassemi.org,CULTR
wanderer-christ.persianblog.com,CULTR
akhavi.blogdrive.com,CULTR
bahmanagha.blogspot.com,CULTR
farsibooksonline.blogspot.com,CULTR
sigarchi.com,CULTR
zekipedia.wordpress.com,CULTR
footballitarin.com,CULTR
bus.co.il,CULTR
basket.co.il,CULTR
greenbo.co.il,CULTR
antiquities.org.il,CULTR
aaci.org.il,CULTR
gawker.com,CULTR
jezebel.com,CULTR
911truth.org,CULTR
collegehumor.com,CULTR
datpiff.com,CULTR
deathmetal.org,CULTR
hitler.org,CULTR
infidels.org,CULTR
kickassclassical.com,CULTR
marxists.org,CULTR
metal-archives.com,CULTR
rollingstone.com,CULTR
theonion.com,CULTR
ushmm.org,CULTR
vibe.com,CULTR
xxlmag.com,CULTR
god-in-fire.blogspot.com,CULTR
zibanawak.blogspot.com,CULTR
zariyaddastha.blogspot.com,CULTR
yekpanjare.blogspot.com,CULTR
tourjan.com,CULTR
sheida.com,CULTR
majidzohari.com,CULTR
khosoof.com,CULTR
asgharagha.com,CULTR
all-film.com,CULTR
abdolghaderbalouch.com,CULTR
tableaumag.com,CULTR
sibzamini-dagh.blogspot.com,CULTR
sibiltala.blogspot.com,CULTR
shabnamefekr.blogspot.com,CULTR
seyedmojtaba-vahedi.blogspot.com,CULTR
sibestaan.malakut.org,CULTR
radiokoocheh.com,CULTR
radio-neda.blogspot.com,CULTR
pirefarzaneh2.blogspot.com,CULTR
pejighorghoru.blogspot.com,CULTR
parsianeh.blogspot.com,CULTR
osyan.net,CULTR
nikomakhus1.blogspot.fr,CULTR
nikomakhus1.blogspot.com,CULTR
nesvan1.wordpress.com,CULTR
nargesstavassolian.blogspot.com,CULTR
monsefaneh.blogspot.com,CULTR
mohajerani.maktuob.net,CULTR
mmoeeni14.blogspot.com,CULTR
mirfetros.com,CULTR
maroufi.malakut.org,CULTR
maryaminaa.blogspot.com,CULTR
marde-rooz.com,CULTR
khers69.wordpress.com,CULTR
kadivar.maktuob.net,CULTR
iranjavan.net,CULTR
gistela.blogspot.com,CULTR
foroughs.blogspot.com,CULTR
fatemehshams.com,CULTR
farhadheyrani.blogspot.com,CULTR
elham13.blogspot.com,CULTR
ehsanameh.blogspot.com,CULTR
dybweblog.blogspot.com,CULTR
doreroozgaran.blogspot.com,CULTR
dooush.blogspot.com,CULTR
donbalak.blogspot.com,CULTR
dalghakirani.blogspot.com,CULTR
brick.blogfa.com,CULTR
cafeneveshteh.com,CULTR
blog.malakut.org,CULTR
blog.hasanagha.net,CULTR
divanesara2.blogspot.com,CULTR
beynamatniyat.blogspot.fr,CULTR
blog.dastneveshteha.com,CULTR
babakdad.blogspot.fr,CULTR
azadeh7.net,CULTR
art-ghadimiha.blogspot.com,CULTR
alirezarezaee1.blogspot.com,CULTR
aminbozorgian.wordpress.com,CULTR
radiojavan.com,CULTR
adultfriendfinder.com,DATE
friendfinder.com,DATE
arablounge.com,DATE
cutegirlfriend.net,DATE
date.com,DATE
datingdirect.com,DATE
dating.com,DATE
eharmony.com,DATE
jdate.com,DATE
mate1.com,DATE
match.com,DATE
meetic.com,DATE
okcupid.com,DATE
online-dating.org,DATE
person.com,DATE
pof.com,DATE
spark.com,DATE
speeddater.co.uk,DATE
minuf.co.il,ECON
rbf.org,ECON
usaid.gov,ECON
galilcol.ac.il,ECON
azarmehr.blogspot.com,ENV
southaz.blogspot.com,ENV
iranian.com,ENV
oursouthazerbaijan.com,ENV
animalliberationfront.com,ENV
theworld.org,ENV
rarbg.to,FILE
extratorrent.com,FILE
kickme.to,FILE
thepiratebay.org,FILE
twilight.ws,FILE
bearshare.com,FILE
imesh.com,FILE
mininova.org,FILE
scribd.com,FILE
wallpapergate.com,FILE
thepiratebay.se,FILE
torrentz.eu,FILE
isohunt.com,FILE
kat.cr,FILE
extratorrent.cc,FILE
rockstargames.com,GAME
worldofwarcraft.com,GAME
ostanban.com,GAME
habbo.com,GAME
partypoker.com,GMB
casino.com,GMB
partypoker.net,GMB
888casino.com,GMB
betfair.com,GMB
belmont.ag,GMB
blackjackinfo.com,GMB
carnivalcasino.com,GMB
casinotropez.com,GMB
eurogrand.com,GMB
gambling.com,GMB
goldenrivieracasino.com,GMB
grandonline.com,GMB
luckynugget.com,GMB
monacogoldcasino.com,GMB
onlinegambling.com,GMB
poker.com,GMB
pokerstars.com,GMB
pokerstars.net,GMB
riverbelle.com,GMB
roxypalace.com,GMB
royalvegas.com,GMB
slotland.com,GMB
spinpalace.com,GMB
sportsinteraction.com,GMB
usacasino.com,GMB
europacasino.com,GMB
sportingbet.com,GMB
pokerroom.com,GMB
clubdicecasino.com,GMB
mossad.gov.il,GOVT
mod.gov.il,GOVT
ramla.muni.il,GOVT
rafael.co.il,GOVT
boi.org.il,GOVT
elyon1.court.gov.il,GOVT
cbs.gov.il,GOVT
science.co.il,GOVT
isa.gov.il,GOVT
cia.gov,GOVT
centcom.mil,GOVT
infowar-monitor.net,GOVT
twitter.com,GRP
members.shaw.ca,GRP
aghaghi.com,GRP
farsijoke.com,GRP
funiran.com,GRP
hi5.com,GRP
iranbestsites.com,GRP
phoenix-dg.com,GRP
roozi.com,GRP
tapesh.com,GRP
sekaf.com,GRP
blogmarks.net,GRP
commons.wikimedia.org,GRP
fark.com,GRP
mixi.jp,GRP
mybloglog.com,GRP
ning.com,GRP
43things.com,GRP
4chan.org,GRP
facebook.com,GRP
myspace.com,GRP
secondlife.com,GRP
pinterest.com,GRP
plus.google.com,GRP
toonistan.com,GRP
thetehrantimes.tumblr.com,GRP
cultdeadcow.com,HACK
hackers.com,HACK
amindownload.persianblog.com,HACK
sobhaneh.blogspot.com,HACK
sqlserver.co.il,HACK
anonnews.org,HACK
astalavista.box.sk,HACK
blackhat.be,HACK
thehacktivist.com,HACK
twistedinternet.com,HACK
rotten.com,HATE
godhatesfags.com,HATE
hasanagha.net,HATE
derafsh-kaviyani.com,HATE
vanguardnewsnetwork.com,HATE
likekhor.com,HOST
linkestane-ggbg.blogspot.com,HOST
members.fortunecity.com,HOST
cyberfreehost.com,HOST
immigration-iran.sayt.ws,HOST
wordpress.com,HOST
blogger.com,HOST
sites.google.com,HOST
gn.apc.org,HOST
tripod.lycos.co.uk,HOST
webspawner.com,HOST
weebly.com,HOST
xanga.com,HOST
zoomshare.com,HOST
tinyurl.com,HOST
persianblog.com,HOST
lds.org,HUMR
fidh.org,HUMR
citizenlab.org,HUMR
khrp.org,HUMR
feminist.com,HUMR
feminist.org,HUMR
bahai-library.com,HUMR
bahairadio.org,HUMR
bahaindex.com,HUMR
info.bahai.org,HUMR
ladysun.net,HUMR
kurdistanpress.com,HUMR
news.bahai.org,HUMR
reference.bahai.org,HUMR
statements.bahai.org,HUMR
siahsepid.com,HUMR
shargi.blogspot.com,HUMR
us.bahai.org,HUMR
alm3refh.com,HUMR
almeshkat.net,HUMR
albainah.net,HUMR
alqadisiyya3.com,HUMR
alrashead.net,HUMR
ansaaar.com,HUMR
ansar.org,HUMR
awfi.4t.com,HUMR
bahai.com,HUMR
d-alsonah.com,HUMR
dd-sunnah.net,HUMR
dhr12.com,HUMR
edharalhaq.com,HUMR
ellize.blogspot.com,HUMR
femirani.com,HUMR
frqan.com,HUMR
hastii.blogspot.com,HUMR
hemid.com,HUMR
hewarona.com,HUMR
homa.org,HUMR
irantestimony.com,HUMR
islamport.com,HUMR
islamicweb.com,HUMR
khomainy.com,HUMR
komala.org,HUMR
kurdistanmedia.com,HUMR
mimnoon.com,HUMR
muslm.net,HUMR
omgh.persianblog.com,HUMR
pdki.org,HUMR
pouyashome.com,HUMR
womeniniran.com,HUMR
wylsh.com,HUMR
zaneirani.blogspot.com,HUMR
zane-azad.blogspot.com,HUMR
rhr.org.il,HUMR
feministing.com,HUMR
fsrn.org,HUMR
guerrillagirls.com,HUMR
herdict.org,HUMR
physiciansforhumanrights.org,HUMR
article19.org,HUMR
awid.org,HUMR
bahai.org,HUMR
catholic.org,HUMR
cdt.org,HUMR
cpj.org,HUMR
eff.org,HUMR
episcopalchurch.org,HUMR
freedomhouse.org,HUMR
freeexpression.org,HUMR
freemuse.org,HUMR
freespeech.org,HUMR
freespeechcoalition.com,HUMR
hrc.org,HUMR
hrw.org,HUMR
humanrightsfirst.org,HUMR
isiswomen.org,HUMR
learningpartnership.org,HUMR
mormon.org,HUMR
ncac.org,HUMR
ou.org,HUMR
pcusa.org,HUMR
sbc.net,HUMR
soros.org,HUMR
ucc.org,HUMR
umc.org,HUMR
unpo.org,HUMR
watchtower.org,HUMR
wluml.org,HUMR
advocacy.globalvoicesonline.org,HUMR
alserdaab.org,HUMR
fnoor.com,HUMR
alrased.net,HUMR
bahai-education.org,HUMR
alburhan.com,HUMR
asl19.org,HUMR
justice4iran.org,HUMR
iranhumanrights.org,HUMR
rangin-kaman.org,HUMR
peace-mark.org,HUMR
khanehamn.org,HUMR
jjdli.com,HUMR
iranrights.org,HUMR
humanrights-ir.org,HUMR
hraicp.org,HUMR
fozoolemahaleh.com,HUMR
persian.kamangir.net,HUMR
openasia.org,HUMR
iranhr.net,HUMR
bamdadkhabar.com,HUMR
planetromeo.com,LGBT
towleroad.com,LGBT
bglad.com,LGBT
glaad.org,LGBT
ablogformen2.blogspot.com,LGBT
aadaamaak.blogfa.com,LGBT
alone-persian-man.blogspot.com,LGBT
aqueeerdiaries.blogspot.com,LGBT
dokhtare-aftab.blogfa.com,LGBT
gaysong.blogspot.com,LGBT
hamseresht.blogfa.com,LGBT
happygay.blogspot.com,LGBT
harfeakhar.persianblog.com,LGBT
keyvanlg.blogfa.com,LGBT
pesareghabile.blogspot.com,LGBT
pesari2004.persianblog.com,LGBT
pjhouse.blogspot.com,LGBT
queerquotes.blogspot.com,LGBT
shabbin.blogspot.com,LGBT
mani4lgbt.blogspot.com,LGBT
pesaregay.blogspot.com,LGBT
pglo.net,LGBT
wmmh.blogspot.com,LGBT
gayromeo.com,LGBT
gaytoday.com,LGBT
transsexual.org,LGBT
afterellen.com,LGBT
bisexual.org,LGBT
gay.com,LGBT
gayegypt.com,LGBT
gayhealth.com,LGBT
gayscape.com,LGBT
glbtq.com,LGBT
gmhc.org,LGBT
ifge.org,LGBT
iglhrc.org,LGBT
ilga.org,LGBT
lesbian.org,LGBT
lgf.org.uk,LGBT
queerty.com,LGBT
queernet.org,LGBT
samesexmarriage.ca,LGBT
scruff.com,LGBT
newnownext.com,LGBT
grindr.com,LGBT
amygoodloe.com,LGBT
etehadchap.com,MILX
fadaian.org,MILX
iran.mojahedin.org,MILX
jebhemelli.net,MILX
tudehpartyiran.org,MILX
khilafah.net,MILX
ict.org.il,MILX
vsquds.com,MILX
bmezine.com,CULTR
fotolog.com,MMED
wikia.com,MMED
veoh.com,MMED
tinypic.com,MMED
zahrahb.tumblr.com,MMED
abpr2.railfan.net,MMED
filestube.com,MMED
hulu.com,MMED
identi.ca,MMED
imgur.com,MMED
last.fm,MMED
netflix.com,MMED
postimage.org,MMED
twitpic.com,MMED
video.google.com,MMED
vimeo.com,MMED
bebo.com,MMED
flickr.com,MMED
fotki.com,MMED
imageshack.us,MMED
justin.tv,MMED
liveleak.com,MMED
lyricwiki.org,MMED
metacafe.com,MMED
oovoo.com,MMED
pandora.com,MMED
photobucket.com,MMED
tango.me,MMED
youtube.com,MMED
yfrog.com,MMED
secure.flickr.com,MMED
tumblr.com,MMED
glwiz.com,MMED
30mail.net,MMED
instagram.com,MMED
voanews.com,NEWS
ebaumsworld.com,NEWS
theepochtimes.com,NEWS
balatarin.com,NEWS
damon-m-ukraine.blogsky.com,NEWS
if-l-were-god.blogspot.com,NEWS
iranfocus.com,NEWS
kodoiin.blogspot.com,NEWS
news.gooya.com,NEWS
bbc.co.uk,NEWS
chekhabar.com,NEWS
cyrusnews.com,NEWS
digarban.com,NEWS
dw-world.de,NEWS
epersianradio.com,NEWS
hambastegimeli.com,NEWS
iran-e-azad.org,NEWS
iranianuk.com,NEWS
iranpressnews.com,NEWS
iranntv.com,NEWS
kaleme.com,NEWS
kayhanlondon.com,NEWS
marzeporgohar.org,NEWS
mojahedin.org,NEWS
newsagency-ina.com,NEWS
nitv.tv,NEWS
nourizadeh.com,NEWS
pezhvakeiran.com,NEWS
pyknet.net,NEWS
radiofarda.com,NEWS
radioazadi.org,NEWS
radiozamaneh.com,NEWS
rahesabz.net,NEWS
radis.org,NEWS
rferl.org,NEWS
rsf.org,NEWS
roozonline.com,NEWS
siasate-kargari.com,NEWS
workertoday.com,NEWS
wsu-iran.org,NEWS
irangreenvoice.com,NEWS
nurizad.info,NEWS
dw.de,NEWS
bbcpersian.com,NEWS
aawsat.com,NEWS
al-madina.com,NEWS
sabq.org,NEWS
alriyadh.com,NEWS
aleqt.com,NEWS
anbacom.com,NEWS
al-jazirah.com,NEWS
hailnews.net,NEWS
jazannews.org,NEWS
alazd.net,NEWS
almowaten.net,NEWS
ekhbariyatv.sa,NEWS
geod7.com,NEWS
alarabiya.net,NEWS
alsharq.net.sa,NEWS
persian.euronews.com,NEWS
bbc.com,NEWS
blogspot.com,NEWS
globalvoicesonline.org,NEWS
timesofindia.indiatimes.com,NEWS
365gay.com,NEWS
advocate.com,NEWS
arabtimes.com,NEWS
cbsnews.com,NEWS
dailymail.co.uk,NEWS
dailymotion.com,NEWS
foxnews.com,NEWS
haaretz.com,NEWS
lanacion.com.ar,NEWS
mideastyouth.com,NEWS
naral.org,NEWS
rambler.ru,NEWS
reddit.com,NEWS
alyaum.com,NEWS
indiatimes.com,NEWS
shurideh.com,NEWS
alwatan.com.sa,NEWS
international.ohmynews.com,NEWS
bbcworld.com,NEWS
russia.tv,NEWS
cbc.ca,NEWS
sigarchi.net,NEWS
spa.gov.sa,NEWS
zanantv.net,NEWS
manoto.news,NEWS
rowzane.com,NEWS
khodnevis.org,NEWS
taghato.net,NEWS
sharqparsi.com,NEWS
shahrvand.com,NEWS
sahamnews.net,NEWS
roohsavar.com,NEWS
radiotooka.com,NEWS
radiohamrah.com,NEWS
peykeiran.com,NEWS
emruznews.com,NEWS
akhbar-rooz.com,NEWS
tehranreview.net,NEWS
rahedigar.net,NEWS
observers.france24.com,NEWS
mihan.net,NEWS
memarinews.com,NEWS
mizankhabar.net,NEWS
melimazhabi.com,NEWS
mardomreport.net,NEWS
iranshahrnewsagency.com,NEWS
iranefardanews.com,NEWS
kayhan.london,NEWS
iranefardalive.com,NEWS
ir.mondediplo.com,NEWS
hra-news.org,NEWS
farsi.alarabiya.net,NEWS
enghelabe-eslami.com,NEWS
ch1.cc,NEWS
amadnews.com,NEWS
advar-news.biz,NEWS
voinews.net,NEWS
ndi.org,POLR
alfie-atkins.blogspot.com,POLR
acetaminophen.persianblog.com,POLR
cheshmhayash.blogspot.com,POLR
dentist.blogspot.com,POLR
emroozdarharrooz.blogspot.com,POLR
fashist78.persianblog.com,POLR
freedomforiran.persianblog.com,POLR
ghght.blogspot.com,POLR
god_in_fire.blogspot.com,POLR
ghoghnoos-iran.blogspot.com,POLR
heat40.blogspot.com,POLR
iraniandevelopment.blogspot.com,POLR
iranview.blogspot.com,POLR
iranncr.org,POLR
mamlekate.blogspot.com,POLR
mosharekat.persianblog.com,POLR
photomohammad.persianblog.com,POLR
rahbarkhodam.blogspot.com,POLR
pourostad.blogspot.com,POLR
salamazadi.persianblog.com,POLR
parsanevesht.blogspot.com,POLR
shabnameh.org,POLR
securenetworks.persianblog.com,POLR
riznevesht.blogspot.com,POLR
unitedwife.blogspot.com,POLR
1shooreshi.persianblog.com,POLR
alijavadi.com,POLR
ansarnet.8m.net,POLR
avairan.com,POLR
ayneh.com,POLR
azadegy.de,POLR
bijan-safsari.com,POLR
charandiat.com,POLR
cmi-fl.com,POLR
dayani.de,POLR
dialogt.net,POLR
forouharha.com,POLR
ghoghnoos.org,POLR
hambastegi.org,POLR
hoveyda.org,POLR
i-w-o.org,POLR
iran-nabard.com,POLR
irangroup.bravepages.com,POLR
iransocialforum.org,POLR
iranvajahan.net,POLR
jawanan.org,POLR
jonbesh.org,POLR
jebhemelli.org,POLR
marxsociety.com,POLR
mktehrani.com,POLR
molla-hassani.tripod.com,POLR
niabati.tk,POLR
PersianBlog.com,POLR
rahavard.com,POLR
samaa.org,POLR
sarbedaran.org,POLR
shopca.com,POLR
sobhiran.com,POLR
toufan.org,POLR
wpiran.org,POLR
news.bbc.co.uk,POLR
jihadwatch.org,POLR
ned.org,POLR
siahkal.com,POLR
sharareha.com,POLR
tarhino.com,POLR
arvand.net,POLR
sazegara.net,POLR
darsahn.org,POLR
varteh.persianblog.ir,POLR
mehdikhalaji.com,POLR
asre-nou.net,POLR
aminsabeti.net,POLR
alimotahari.ir,POLR
alimohtadi.com,POLR
aliafshari.com,POLR
ahmadbatebi.com,POLR
nokte.malakut.org,POLR
avayeashena.com,POLR
smtohidi.org,POLR
ufin.org,POLR
youporn.com,PORN
hustler.com,PORN
back.to,PORN
cachebanners.toteme.com,PORN
khgh.blogspot.com,PORN
nscash.com,PORN
popcelebs.com,PORN
zard-aloo.blogspot.com,PORN
8thstreetlatinas.com,PORN
alt.com,PORN
beeg.com,PORN
bravotube.net,PORN
conan.xxx,PORN
coolgaylinks.com,PORN
famousnudes.com,PORN
gayonthenet.net,PORN
hardsextube.com,PORN
hotgaylist.com,PORN
kat.ph,PORN
lesboerotica.net,PORN
manhub.com,PORN
milfhunter.com,PORN
pornhub.com,PORN
pridetube.com,PORN
redtube.com,PORN
realdoll.com,PORN
rockettube.com,PORN
spankwire.com,PORN
89.com,PORN
amateurpages.com,PORN
ashemaletube.com,PORN
bellebound.com,PORN
crazyshit.com,PORN
cultoferotica.com,PORN
famouspornstars.com,PORN
femalestars.com,PORN
freegaypornfinder.com,PORN
freegaypornhdtube.com,PORN
fuckingfreemovies.com,PORN
gotgayporn.com,PORN
hereistheporn.com,PORN
lesbiansubmission.com,PORN
livejasmin.com,PORN
naughty.com,PORN
pamperedpassions.com,PORN
penisbot.com,PORN
penthouse.com,PORN
persiankitty.com,PORN
playboy.com,PORN
purextc.com,PORN
sex.com,PORN
sexy-geschichten.at,PORN
wetplace.com,PORN
worldsex.com,PORN
youngerbabes.com,PORN
xhamster.com,PORN
xvideos.com,PORN
youjizz.com,PORN
groups.yahoo.com,PORN
babylon-x.com,PORN
asianangels.com,PORN
biganeh.u4l.com,PORN
blueskyswimwear.com,PROV
delicates.co.uk,PROV
2cutelingerie.com,PROV
3wishes.com,PROV
abcunderwear.com,PROV
agentprovocateur.com,PROV
ariannelingerie.com,PROV
chantelle.com,PROV
coquette.com,PROV
figleaves.com,PROV
flirtylingerie.com,PROV
freshpair.com,PROV
hanes.com,PROV
lasenza.com,PROV
lingeriebowl.com,PROV
panties.com,PROV
purenudism.net,PROV
trashy.com,PROV
victoriassecret.com,PROV
venusswimwear.com,PROV
venus.com,PROV
lingerieatlarge.com,PROV
topdrawers.com,PROV
linay.com,PROV
doctissimo.fr,PUBH
library.sheba.co.il,PUBH
altpenis.com,PUBH
breastenlargementmagazine.com,PUBH
cirp.org,PUBH
implantinfo.com,PUBH
no-porn.com,PUBH
goftaniha.org,PUBH
jesussaves.cc,REL
prophetofdoom.net,REL
islameyat.com,REL
abujahl.blogspot.com,REL
ayatesheytani.blogdrive.com,REL
eslam.blogspot.com,REL
godandlord.blogspot.com,REL
resaleh.blogspot.com,REL
akhond.tk,REL
eksir.com,REL
estefta.blogspot.com,REL
iranara.blogspot.com,REL
kaafaraaneh.blogspot.com,REL
mabhoot.blogspot.com,REL
montazeri.com,REL
montazeri.net,REL
mortad.blogspot.com,REL
page.to,REL
sunni-news.net,REL
bnaibrith.org,REL
isaalmasih.net,REL
debate.org.uk,REL
atheistalliance.org,REL
atheists.org,REL
ccel.org,REL
christianity.com,REL
christianitytoday.com,REL
copticchurch.net,REL
exmormon.org,REL
goarch.org,REL
muhammadanism.com,REL
oikoumene.org,REL
truthnet.org,REL
worldjewishcongress.org,REL
buddhanet.net,REL
montazeri.ws,REL
omilani.netfirms.com,REL
google.com,SRCH
oddworldz.com,SRCH
duckduckgo.com,SRCH
address.com,SRCH
maven.co.il,SRCH
webwombat.com.au,SRCH
go.com,SRCH
kids.yahoo.com,SRCH
scarleteen.com,XED
teensource.org,XED
sfsi.org,XED
sexguide.blogspot.com,XED
tootfarangi.blogspot.com,XED
jensiat.io,XED
itsyoursexlife.com,XED
plannedparenthood.org,XED
positive.org,XED
premaritalsex.info,XED
sexedlibrary.org,XED
sexetc.org,XED
sexualhealth.com,XED
siecus.org,XED
teenhealthfx.com,XED
thenationalcampaign.org,XED
masexualite.ca,XED